NAME,START,END,MON,TUES,WED,THURS,FRI,SAT,SUN
Abigail,08:00,18:00,1,1,1,1,1,0,0
Abelardo,06:00,16:00,1,1,1,1,1,1,1
Margarita,08:00,18:00,1,1,1,1,1,1,1
Davide,09:00,19:00,1,1,1,1,1,1,1
Paul,07:00,17:00,1,1,1,1,1,1,1
Sabine,08:00,18:00,1,1,1,1,1,1,1
Alessandro,09:00,19:00,1,1,1,1,1,1,1
Daiana Rosario,09:00,19:00,1,1,1,1,1,1,1
Francisco Jose,09:00,19:00,1,1,1,1,1,1,1
Carles,09:00,19:00,1,1,1,1,1,1,1
Connor,08:00,18:00,1,1,1,1,1,0,1
John,09:00,19:00,1,1,1,1,1,1,1
Ambrosia Adon,07:00,17:00,1,1,1,1,1,1,1
Vidal,08:00,18:00,1,1,1,1,1,0,1
Celine,07:00,17:00,0,1,0,0,1,0,0
Charlotte,07:00,17:00,0,0,0,0,1,0,0
Fausto,08:00,18:00,1,1,1,1,1,1,1
Ethan,07:00,17:00,0,0,0,0,0,1,0
Dario,09:00,19:00,1,1,1,1,1,1,1
Marie,08:00,18:00,1,1,1,1,1,0,0
Martina,08:00,18:00,1,1,1,1,1,0,0
Gianluigi,09:00,19:00,1,1,1,1,1,1,1
Emil,08:00,18:00,1,1,1,1,1,0,0
Armando,09:00,19:00,1,1,1,1,1,1,1
Ana Belen,07:00,17:00,1,1,0,1,1,0,0
Kristina,12:00,22:00,0,0,0,0,1,0,0
Pau,09:00,19:00,1,1,1,1,1,1,0
Adam,10:00,20:00,1,0,0,0,1,1,0
Ascension,09:00,19:00,1,1,1,1,1,1,1
Vinicius,08:00,18:00,1,1,1,1,1,1,1
Bartosz,09:00,19:00,1,1,1,1,1,0,0
Olga,09:00,19:00,1,1,1,1,1,0,1
Amelie,09:00,19:00,1,1,1,1,1,1,1
Laureano Facundo,08:00,18:00,1,1,1,1,1,1,1
Xoana,10:00,20:00,1,1,1,1,1,1,1
Luc,08:00,18:00,1,1,1,1,1,0,1
Aino,08:00,18:00,1,1,1,1,1,0,0
Rafaela,08:00,18:00,1,1,1,1,1,1,1
Juan Carlos,08:00,18:00,1,1,1,1,1,1,1
Guillermo,08:00,18:00,1,1,1,1,1,1,1
Olivia,07:00,17:00,1,1,1,1,1,1,1
Pio Pio,10:00,20:00,1,1,1,1,1,1,1
Ester,12:00,22:00,1,1,1,1,1,1,1
Isaias Venancio,08:00,18:00,1,1,1,1,1,1,1
Pol,09:00,19:00,1,1,1,1,1,1,1
Antoine,11:00,21:00,0,0,1,1,1,0,0
Isaac,09:00,19:00,1,1,1,1,1,1,1
James,08:00,18:00,1,1,1,1,1,1,1
Ramiro Josafat,08:00,18:00,1,1,1,1,1,1,1
Severino,08:00,18:00,1,1,1,1,1,1,1
Istvan,09:00,19:00,0,1,1,0,1,0,0
Benoit,12:00,22:00,0,0,1,0,0,0,0
Bram,08:00,18:00,1,1,1,1,1,1,1
Andrej,08:00,18:00,0,0,1,0,0,0,0
Darius,09:00,19:00,0,0,1,0,0,0,0
Zlatan,08:00,18:00,1,1,1,0,1,0,1
Kaspars,11:00,21:00,0,0,1,1,0,0,0
Markus,10:00,20:00,1,1,1,1,1,1,1
Jules,08:00,18:00,0,1,1,1,0,0,0
Ieva,10:00,20:00,1,0,0,0,0,0,0
Johan,10:00,20:00,1,1,1,1,1,0,0
Juraj,09:00,19:00,1,1,1,1,1,0,0
Bela,08:00,18:00,1,1,1,0,1,0,1
Tadeo,10:00,20:00,1,1,1,1,1,1,1
Zlatko,09:00,19:00,1,0,0,0,0,0,0
Inese,10:00,20:00,1,0,0,0,0,0,0
Bernardo,10:00,20:00,1,1,1,1,1,1,1
Columba,08:00,18:00,1,1,1,1,1,1,1
Yumi,07:00,17:00,1,1,1,1,1,1,0
Nikolay,09:00,19:00,1,1,1,1,1,0,0
Ivon Patricio,08:00,18:00,1,1,1,1,1,0,1
Luis Felipe,09:00,19:00,1,1,1,1,1,1,1
Sara,11:00,21:00,1,1,1,1,1,1,1
Reinaldo,09:00,19:00,1,1,1,1,1,1,1
Valeriano,09:00,19:00,1,1,1,1,1,1,1
Edmundo,11:00,21:00,1,1,1,1,1,1,1
Eduardo,10:00,20:00,1,1,1,1,1,1,1
Ryan,09:00,19:00,1,1,1,1,1,1,1
Victorino Salvio,09:00,19:00,1,1,1,1,1,1,1
Cibran,08:00,18:00,1,1,1,1,1,1,1
David Alejandro,08:00,18:00,1,1,1,1,1,1,1
Leila Josafat,10:00,20:00,1,1,1,1,1,1,1
Esiquio,10:00,20:00,1,1,1,1,1,1,1
Celton,09:00,19:00,1,1,1,1,1,1,1
Enric,11:00,21:00,1,1,1,1,1,1,1
Laurina Rafael,11:00,21:00,1,1,1,1,1,1,1
Clarice,09:00,19:00,1,1,1,1,1,1,1
Nemesio Laureano,10:00,20:00,1,1,1,1,1,1,1
Artur Fulgencio,10:00,20:00,1,1,1,1,1,1,1
Maria Fernanda,09:00,19:00,1,1,1,1,1,1,1
Marciano,09:00,19:00,1,1,1,1,1,1,1
Guido,08:00,18:00,1,1,1,1,1,1,1
Rita Norberto,08:00,18:00,1,1,1,1,1,1,0
Maite Usula,06:00,16:00,1,1,1,1,1,1,1
Salma,09:00,19:00,1,1,1,1,1,1,1
Kristal Rubi,09:00,19:00,1,1,1,1,1,1,1
Gala,09:00,19:00,1,1,1,1,1,1,1
Ana Daniela,10:00,20:00,1,1,1,1,1,1,1
Maria Isabel,09:00,19:00,1,1,1,1,1,1,1
Juan Antonio,11:00,21:00,1,1,1,1,1,1,1
Fortunato,07:00,17:00,1,1,1,1,1,1,1
Ildefonso Ambrosio,09:00,19:00,1,1,1,1,1,1,1
Noe,07:00,17:00,1,1,1,1,1,1,1
Exequiel Abdon,09:00,19:00,1,1,1,1,1,1,1
Elias Daiana,11:00,21:00,1,1,1,1,1,1,1
Francisco Miguel,09:00,19:00,1,1,1,1,1,1,1
Juan Rafael,09:00,19:00,1,1,1,1,1,1,1
Dacio Abel,07:00,17:00,1,1,1,1,1,1,1
Almudena Fiamma,09:00,19:00,1,1,1,1,1,1,1
Rafael,11:00,21:00,1,1,1,1,1,1,1
Alejo Esdras,08:00,18:00,1,1,1,1,1,1,1
Franco,09:00,19:00,1,1,1,1,1,1,1
Gabriela,08:00,18:00,1,1,1,1,1,0,1
Christian,07:00,17:00,1,1,1,1,1,1,1
Lucrecia Aquiles,08:00,18:00,1,1,1,1,1,1,1
Nacho,09:00,19:00,1,1,1,1,1,1,1
Anatolio Ildefonso,07:00,17:00,1,1,1,1,1,0,1
Mercedes,08:00,18:00,1,1,1,1,1,0,1
Acacio Cayetano,08:00,18:00,1,1,1,1,1,1,1
Dalila,08:00,18:00,1,1,1,1,1,1,1
Basileo,08:00,18:00,1,1,1,1,1,1,1
Oscar,09:00,19:00,1,1,1,1,1,1,1
Maximo,09:00,19:00,1,1,1,1,1,1,1
Daiana Casiano,07:00,17:00,1,1,1,1,1,1,1
Octavio,09:00,19:00,1,1,1,1,1,1,1
Haizea,08:00,18:00,1,1,1,1,1,0,1
Salma Benedicto,09:00,19:00,1,1,1,1,1,1,1
Blas Heraclio,08:00,18:00,1,1,1,1,1,1,0
Josefina Catalina,09:00,19:00,1,1,1,1,1,1,1
Aniano Julian,09:00,19:00,1,1,1,1,1,1,1
Inocencio Lucas,09:00,19:00,1,1,1,1,1,1,1
Conrado,09:00,19:00,1,1,1,1,1,1,1
Keiran,09:00,19:00,1,1,1,1,1,1,1
Heraclio,09:00,19:00,1,1,1,1,1,1,1
Celso,08:00,18:00,1,1,1,1,1,1,1
Brais,10:00,20:00,1,1,1,1,1,1,1
Zacarias Casio,11:00,21:00,1,1,1,1,1,1,1
Valerio,09:00,19:00,1,1,1,1,1,1,1
Bernabe,08:00,18:00,1,1,1,1,1,1,1
Abdon Isaias,09:00,19:00,1,1,1,1,1,1,1
Natalie,09:00,19:00,1,1,1,1,1,1,1
Adalberto,09:00,19:00,1,1,1,1,1,1,1
Ane,08:00,18:00,1,1,1,1,1,0,1
Markel,08:00,18:00,1,1,1,1,1,1,1
Dimas Rafael,09:00,19:00,1,1,1,1,1,1,1
Lucrecia,08:00,18:00,1,1,1,1,1,1,1
Sixto Casimiro,07:00,17:00,1,1,1,1,1,1,1
Arnaldo,08:00,18:00,1,1,1,1,1,1,1
Ireneo,08:00,18:00,1,1,1,1,1,1,1
Jimena Arcadio,09:00,19:00,1,1,1,1,1,1,1
Yoselin Teofila,09:00,19:00,1,1,1,1,1,1,0
Victor,09:00,19:00,1,1,1,1,1,0,0
Miah Virgilio,08:00,18:00,1,1,1,1,1,0,1
Gisela Ildefonso,09:00,19:00,1,1,1,1,1,1,1
Fiamma Baldomero,09:00,19:00,1,1,1,1,1,1,1
Estela,09:00,19:00,1,1,1,1,1,0,0
Octavi,09:00,19:00,1,1,1,1,1,1,1
Diego Alejandro,09:00,19:00,1,1,1,1,1,1,0
Nuno,09:00,19:00,1,1,1,1,1,1,1
Lino,08:00,18:00,1,1,1,1,1,1,1
Noa,09:00,19:00,1,1,1,1,1,1,1
Lincoln,09:00,19:00,1,1,1,1,1,0,1
Pedro Miguel,09:00,19:00,1,1,1,1,1,1,1
Ana Laura,08:00,18:00,1,1,1,1,1,1,1
Alonso Dimas,08:00,18:00,1,1,1,1,1,0,0
Erico,08:00,18:00,1,1,1,1,1,1,1
Joaquin,07:00,17:00,1,1,1,1,1,1,1
Killa,09:00,19:00,1,1,1,1,1,1,1
Kimberly,09:00,19:00,1,1,1,1,1,1,1
Humberto,09:00,19:00,1,1,1,1,1,1,1
Ana Gabriela,09:00,19:00,1,1,1,1,1,1,1
Acacio Poncio,08:00,18:00,1,1,1,1,1,1,1
Claudio,11:00,21:00,1,1,1,1,1,1,1
Maria Alexandra,08:00,18:00,1,1,1,1,1,0,0
Fulgencio Nahikari,09:00,19:00,1,1,1,1,1,1,1
Hildegarda Leonor,08:00,18:00,1,1,1,1,1,1,1
Biel,08:00,18:00,1,1,1,1,1,1,1
Leoncio Vanina,08:00,18:00,1,1,1,1,1,1,1
Ariadna Salvio,08:00,18:00,1,1,1,1,1,1,1
Amalia,08:00,18:00,1,1,1,1,1,1,0
Manuel Alejandro,09:00,19:00,1,1,1,1,1,1,1
Iria,09:00,19:00,1,1,1,1,1,0,0
Joana,08:00,18:00,1,1,1,1,1,0,1
Lucia,10:00,20:00,1,1,1,1,1,1,1
Ildefonso Priscila,09:00,19:00,1,1,1,1,1,1,1
Josafat Emiliano,09:00,19:00,1,1,1,1,1,1,0
Ariadna Laurina,08:00,18:00,1,1,1,1,1,1,1
Aaron,09:00,19:00,1,1,1,1,1,0,0
Aurelio Cayo,11:00,21:00,1,1,1,1,1,1,1
Casiano,11:00,21:00,1,1,1,1,1,1,1
Belen Fortunato,11:00,21:00,1,1,1,1,1,0,0
Nicholas,08:00,18:00,1,1,1,1,1,0,0
Cayo,08:00,18:00,1,1,1,1,1,1,0
Charles,09:00,19:00,1,1,1,1,1,1,0
Andre,09:00,19:00,1,0,1,1,1,0,0
Jeremias,08:00,18:00,1,1,1,1,1,1,1
Nieves Leocadia,09:00,19:00,1,1,1,1,1,1,1
Daniela,09:00,19:00,1,1,1,1,1,1,0
Juan Ramon,08:00,18:00,1,1,1,1,1,0,0
Ivon Raimundo,07:00,17:00,0,0,0,1,1,0,0
Denise,09:00,19:00,1,1,1,1,1,0,0
Alex,08:00,18:00,1,1,1,1,1,1,1
Rosendo,11:00,21:00,1,1,1,1,1,1,1
Kenti,09:00,19:00,1,1,1,1,1,1,1
Aide,08:00,18:00,1,1,0,1,1,1,0
Amaro Salma,09:00,19:00,1,1,1,1,1,0,0
Madison,09:00,19:00,1,1,1,1,1,1,1
Jose Angel,10:00,20:00,1,1,1,1,1,1,1
Jose Luis,07:00,17:00,1,1,1,1,1,1,1
Agustina,08:00,18:00,1,1,1,1,1,1,1
Celina,06:00,16:00,1,0,1,0,1,0,0
Anabela,10:00,20:00,1,1,1,1,1,1,0
Anatolio Rita,06:00,16:00,1,1,1,1,1,1,1
Carlos Eduardo,09:00,19:00,1,1,1,1,1,1,1
Ana Jimena,10:00,20:00,1,1,1,1,1,0,0
Haritz,10:00,20:00,1,1,1,1,1,0,0
Ivo,11:00,21:00,1,1,1,1,1,0,0
Benigno Oliver,08:00,18:00,1,1,1,1,1,0,0
Lucas,08:00,18:00,1,1,1,1,1,1,1
Baldomero Fidel,09:00,19:00,1,1,1,1,1,0,0
Rui Manuel,09:00,19:00,1,1,1,1,1,0,1
Simon,08:00,18:00,1,1,1,1,1,1,1
Benedicto,08:00,18:00,1,1,1,1,1,1,1
Alfonso,08:00,18:00,1,1,1,1,1,1,1
Patrick,09:00,19:00,1,1,1,1,1,0,0
Esteban Yoselin,09:00,19:00,1,1,1,1,1,1,1
Emiliano Sanson,07:00,17:00,0,0,0,0,1,0,0
Timoteo,10:00,20:00,1,1,1,1,1,1,1
Anatolio,08:00,18:00,1,1,1,1,1,1,1
Primo Almudena,09:00,19:00,1,1,1,1,1,0,0
Raül,12:00,22:00,1,1,1,1,1,0,0
Francoise,14:00,12:00:00 AM,0,0,0,1,0,0,0
Mario Ramon,09:00,19:00,1,1,1,1,1,1,1
Garikoitz,09:00,19:00,1,1,1,1,1,1,1
Michel,09:00,19:00,1,1,1,1,1,0,1
Constantino,08:00,18:00,1,1,1,1,1,1,0
Patricio,10:00,20:00,1,1,1,1,1,1,1
Baldomero Enith,11:00,21:00,1,1,1,1,1,0,0
Amaiur Lucano,07:00,17:00,0,1,1,0,1,0,0
Zacarias Marcelino,09:00,19:00,1,1,1,1,1,1,1
Oswaldo Sussana,10:00,20:00,0,0,0,0,0,0,1
Monica Soraia,09:00,19:00,1,1,1,1,1,0,0
Ariadna,09:00,19:00,1,1,1,1,1,0,1
Celso Facundo,09:00,19:00,1,1,1,1,1,0,1
Anselma Daciano,09:00,19:00,1,1,1,1,1,1,1
Lidia Adon,09:00,19:00,1,1,1,1,1,1,1
Ekain,10:00,20:00,1,1,1,1,1,0,1
Enrique,09:00,19:00,1,1,1,1,1,1,1
Constantino Kimberly,08:00,18:00,1,1,1,1,1,1,1
Anika Rosalia,09:00,19:00,1,1,1,1,1,0,0
Arturo,09:00,19:00,1,1,1,1,1,1,1
Agueda,08:00,18:00,1,1,1,1,1,1,1
Sanson,08:00,18:00,1,1,1,1,1,1,1
Ignacio Agueda,06:00,16:00,0,1,0,0,1,0,0
Joshua,09:00,19:00,1,1,1,1,1,0,1
Gianluca,09:00,19:00,1,1,1,1,1,1,1
Balduino Felix,08:00,18:00,0,0,1,1,1,0,0
Ana Maria,08:00,18:00,0,0,1,0,0,0,0
Benedicto Dimas,07:00,17:00,1,1,1,1,1,0,0
Pierre,09:00,19:00,1,1,1,1,1,0,0
Jose Ramon,09:00,19:00,1,1,1,1,1,1,0
Marciano Daiana,09:00,19:00,1,1,1,1,1,1,0
Emiliano,10:00,20:00,1,0,1,1,1,0,0
Matilde,08:00,18:00,1,1,1,1,1,0,0
Fiamma,08:00,18:00,1,0,1,0,1,1,1
Gregorio Luis,04:00,14:00,1,1,1,1,1,1,1
Vidal Abelardo,07:00,17:00,1,1,1,1,1,1,1
Artemio Ramon,10:00,20:00,1,1,1,1,1,1,1
Rita Marcelino,07:00,17:00,1,1,1,1,1,0,0
Salomon Kimberly,11:00,21:00,1,1,1,1,1,1,1
Luciano,11:00,21:00,1,1,1,1,1,0,0
Facundo Ivana,12:00,22:00,1,1,1,1,1,1,1
Iara,06:00,16:00,1,1,1,1,1,0,1
Ciro,05:00,15:00,0,1,0,0,1,0,0
Ananias,09:00,19:00,1,0,0,1,0,0,0
Ruperto Tadeo,11:00,21:00,1,0,0,0,1,0,0
Wolfgang,14:00,12:00:00 AM,0,0,0,1,0,0,0
David,07:00,17:00,1,1,1,1,1,0,0
Bartolome,11:00,21:00,1,1,1,1,1,1,1
Usula,12:00,22:00,1,1,1,1,1,1,1
Nahuel,08:00,18:00,1,1,1,1,1,1,0
Rogelio Ivana,06:00,16:00,0,1,0,1,1,0,0
Oseas Timoteo,08:00,18:00,1,1,1,1,1,0,0
Sussana,09:00,19:00,1,1,1,1,1,1,1
Ellie,11:00,21:00,1,0,0,1,1,0,0
Tadeo Patricio,11:00,21:00,0,1,1,1,1,1,1
German,07:00,17:00,1,1,1,1,1,0,0
Marti,09:00,19:00,1,1,1,1,1,1,1
Maximo Inmaculada,09:00,19:00,1,1,1,1,1,0,1
Victorino,07:00,17:00,1,1,1,1,1,0,0
Eneko,08:00,18:00,1,1,1,1,1,1,1
Juvenal Vicente,08:00,18:00,1,1,1,1,1,1,1
Pancracio Adolfo,10:00,20:00,1,1,1,1,1,1,1
Octavio Jana,08:00,18:00,1,1,1,1,1,1,1
Casimiro,09:00,19:00,1,1,1,1,1,1,1
Hector,08:00,18:00,1,1,1,1,1,1,1
Amancio,10:00,20:00,1,1,1,1,1,1,1
Damiana,09:00,19:00,1,1,1,1,1,1,1
Petronila Teofila,07:00,17:00,1,1,1,1,1,1,1
Aline,08:00,18:00,1,1,1,1,1,1,1
Adalberto Anatolio,09:00,19:00,1,1,1,1,1,1,1
Salome,08:00,18:00,1,1,1,1,1,1,1
Paula,07:00,17:00,1,1,1,1,1,0,1
Hilarion Atanasio,07:00,17:00,1,1,1,1,1,0,0
Ana Lilia,09:00,19:00,1,1,1,1,1,0,0
Mariano Vladimiro,11:00,21:00,1,1,1,1,1,1,1
Marcos,08:00,18:00,1,1,1,1,1,1,1
Juana,09:00,19:00,1,1,1,1,1,0,0
Maria Aurora,08:00,18:00,1,1,1,1,1,0,0
David Andres,07:00,17:00,0,0,1,1,0,0,1
Josefina,11:00,21:00,1,1,0,1,0,0,0
Ana Karen,10:00,20:00,1,1,1,1,1,1,1
Maitane Artur,09:00,19:00,0,1,0,1,1,0,0
Berto Aresio,09:00,19:00,1,1,0,0,0,0,0
Gregorio Monica,07:00,17:00,1,1,1,1,1,1,1
Margarita Narciso,07:00,17:00,1,1,1,1,1,1,0
Ubaldo Maitane,11:00,21:00,1,1,1,1,1,1,1
Gorka,08:00,18:00,1,1,1,1,1,1,1
Lino Erico,09:00,19:00,1,1,1,1,1,1,1
Edurne,08:00,18:00,1,1,1,1,1,1,1
Heriberto Aristides,08:00,18:00,1,1,1,1,1,0,0
Joel,10:00,20:00,0,0,1,1,0,0,0
Josep Antoni,11:00,21:00,1,0,0,1,0,0,0
Maia,11:00,21:00,0,1,0,0,0,0,1
Priscila,09:00,19:00,1,1,1,1,1,1,1
Marcel,07:00,17:00,0,0,0,1,0,0,0
Ivana Melchor,06:00,16:00,1,1,1,1,1,1,1
Segismundo Sixto,14:00,12:00:00 AM,0,0,0,1,0,0,0
Pere,15:00,01:00:00 AM,0,0,0,0,1,0,1
Marc,08:00,18:00,1,0,1,0,0,0,0
Tatiana,07:00,17:00,1,1,1,1,1,1,1
Gaizka,08:00,18:00,1,1,1,1,1,0,1
Alfonso Felix,07:00,17:00,1,1,1,1,1,1,1
Luis Antonio,09:00,19:00,1,1,1,1,1,1,1
Alfreda,09:00,19:00,1,1,1,1,1,1,0
Danilo,06:00,16:00,1,1,1,1,1,0,0
Ignasi,10:00,20:00,0,0,0,0,1,0,0
Rute,10:00,20:00,1,1,1,1,1,1,1
Belen Donato,08:00,18:00,0,0,0,0,1,0,0
Xavi,14:00,12:00:00 AM,0,0,1,0,0,0,0
Berta,11:00,21:00,0,1,0,0,0,0,0
Wayra,09:00,19:00,1,1,1,1,1,0,0
Abel Irene,07:00,17:00,0,0,0,1,0,0,0
Alejandria Itzel,04:00,14:00,1,0,0,0,0,0,0
Victorino Margarita,08:00,18:00,0,0,0,0,1,0,0
Ines Carina,12:00,22:00,0,0,0,0,1,0,1
Ferran,08:00,18:00,1,0,0,0,1,0,0
Roque Marlene,10:00,20:00,1,1,1,1,1,1,1
Gisela,08:00,18:00,1,1,1,1,1,0,1
Pablo Martin,09:00,19:00,1,1,1,1,1,1,1
Irene Cesareo,08:00,18:00,1,1,1,1,0,1,0
Ignacio Antero,11:00,21:00,1,0,1,1,0,1,0
Catalina,05:00,15:00,1,1,0,1,0,1,0
Leon Ascension,05:00,15:00,1,1,1,1,1,0,1
Claire,09:00,19:00,1,1,0,1,1,1,0
Conchi Marciano,09:00,19:00,1,1,1,1,1,1,1
Exequiel,09:00,19:00,1,1,1,1,1,1,1
Irati,09:00,19:00,1,1,0,1,0,0,0
Celia,10:00,20:00,1,1,1,1,1,1,1
Victorino Yamila,11:00,21:00,1,1,1,1,1,1,1
Guadalupe Ildefonso,09:00,19:00,1,1,1,1,1,1,1
Fermin,08:00,18:00,1,1,1,1,1,1,1
Amelio Elias,09:00,19:00,1,1,1,1,1,1,1
Juan Diego,09:00,19:00,1,1,1,1,1,1,1
Illampu,13:00,23:00,1,1,1,0,0,0,1
Sophie,09:00,19:00,1,1,1,1,1,1,1
Ananias Maite,10:00,20:00,1,1,1,1,1,1,1
Beatriz,09:00,19:00,1,1,1,1,1,1,1
Cosme,06:00,16:00,1,1,1,1,1,0,0
Constantino Carmen,11:00,21:00,1,1,1,1,1,1,1
Cibele,08:00,18:00,0,1,1,1,1,0,0
Marlene,12:00,22:00,1,1,1,1,1,1,1
Uqi,10:00,20:00,0,1,1,0,0,0,0
Michael,08:00,18:00,1,1,1,1,1,1,1
Amelio Laureano,09:00,19:00,1,1,1,1,1,0,1
Artur,07:00,17:00,1,1,1,1,1,1,1
Julen,08:00,18:00,1,1,1,1,1,1,1
Leopoldo Alfredo,09:00,19:00,1,1,1,1,1,1,1
Marcelo German,10:00,20:00,1,1,1,1,1,1,1
Constancio,06:00,16:00,1,1,1,1,1,1,1
Nahikari Felipe,08:00,18:00,1,1,1,1,1,0,1
Celso Virgilio,07:00,17:00,1,1,1,1,1,1,1
Ambrosia,09:00,19:00,1,1,1,1,1,1,1
Sandra,10:00,20:00,1,1,1,1,1,0,1
Carmen,08:00,18:00,1,1,1,1,1,1,1
Valeriano Cleofas,09:00,19:00,1,1,0,1,1,0,0
Emilio,08:00,18:00,1,1,1,1,1,0,1
Amets,09:00,19:00,1,1,1,1,1,1,0
Roberto,10:00,20:00,1,1,1,1,1,1,1
Amaro,08:00,18:00,1,1,1,1,1,1,0
Fabiola,09:00,19:00,1,1,1,1,1,0,1
Avery,08:00,18:00,1,1,1,1,1,1,1
Isabella,09:00,19:00,1,1,1,1,1,1,0
Casimiro Amadeo,11:00,21:00,1,1,1,1,1,1,1
Edilson,11:00,21:00,0,0,1,0,0,0,0
Antonia,11:00,21:00,1,1,1,0,1,0,1
Xochitl,07:00,17:00,1,1,1,1,1,0,0
Artemio,08:00,18:00,1,1,1,1,1,0,0
Liduvina,10:00,20:00,1,1,1,1,1,1,1
Guillermo Alejandro,08:00,18:00,1,1,1,1,1,0,1
Alexandra,09:00,19:00,1,1,1,1,1,0,1
Dulce,08:00,18:00,1,1,1,1,1,1,1
Samuel,08:00,18:00,1,1,1,1,1,1,1
Josafat Cristobal,08:00,18:00,1,1,1,1,1,0,0
Dylan,09:00,19:00,1,1,1,1,1,0,1
Manuela,09:00,19:00,1,1,1,1,1,0,1
Iskay,09:00,19:00,1,1,1,1,1,1,1
Xuan,10:00,20:00,0,0,0,0,1,0,0
Fernando,09:00,19:00,1,1,0,0,1,0,0
Elisenda,08:00,18:00,1,1,1,1,1,1,0
Catarina,11:00,21:00,1,0,1,1,1,1,0
David Antonio,10:00,20:00,1,1,1,1,1,1,1
Citlali,04:00,14:00,0,1,1,0,0,0,0
Maialen,08:00,18:00,1,1,1,1,1,1,1
Carla,08:00,18:00,1,1,1,1,1,1,1
Ricard,09:00,19:00,1,1,1,1,1,1,1
Heitor,08:00,18:00,1,0,1,1,1,0,0
Ekaitz,09:00,19:00,0,1,0,1,0,0,0
Aldara,07:00,17:00,1,0,1,1,1,0,0
Francisco,10:00,20:00,0,1,1,1,0,0,0
Gerardo,10:00,20:00,0,0,1,0,1,0,0
Jorge,08:00,18:00,1,1,1,1,1,0,1
Jose,08:00,18:00,1,0,1,1,0,0,0
Harper,08:00,18:00,1,1,1,1,1,1,1
Mariano Fidel,09:00,19:00,1,1,1,1,1,1,1
Maximo Agustina,07:00,17:00,1,1,1,1,1,1,1
Carlos Antonio,09:00,19:00,1,1,1,0,1,1,1
Columba Teofanes,09:00,19:00,0,0,1,1,1,0,1
Melchor Siro,10:00,20:00,1,1,1,0,1,1,1
Qara,06:00,16:00,1,0,1,1,1,0,0
Adan,08:00,18:00,1,1,1,1,1,1,1
Arcadio,07:00,17:00,1,1,1,1,1,1,1
Eustaqui,09:00,19:00,1,1,1,1,1,0,0
Dorleta,10:00,20:00,1,1,1,1,1,0,0
Guillem,06:00,16:00,1,0,0,0,0,0,0
Benat,07:00,17:00,1,1,1,1,1,0,0
Aymara,09:00,19:00,0,1,0,1,1,0,0
Evaristo,10:00,20:00,1,1,1,1,1,1,1
Jon,10:00,20:00,1,1,1,1,1,1,1
Arnau,08:00,18:00,0,0,0,0,1,0,0
Anselmo Adela,10:00,20:00,1,1,1,1,1,0,1
Magdalena Calixto,07:00,17:00,1,0,1,1,1,0,0
Zachary,12:00,22:00,1,1,1,1,1,0,0
Ana Teresa,09:00,19:00,1,1,1,1,1,1,0
Mariano Valeriano,11:00,21:00,1,1,1,1,1,1,1
Rosa,10:00,20:00,1,1,1,1,1,1,1
Raimundo Guadalupe,10:00,20:00,1,1,1,0,1,0,0
Blanca,07:00,17:00,1,1,1,1,1,1,1
Anahi,12:00,22:00,0,0,1,0,0,0,0
Columbano Cleofas,09:00,19:00,1,1,1,1,1,1,1
Lionel,07:00,17:00,1,1,1,1,1,1,0
Rigobert,09:00,19:00,1,1,0,0,0,0,0
Abraham Alejo,08:00,18:00,1,1,1,1,1,0,1
Alejandro,10:00,20:00,1,1,1,1,1,1,1
Qori,09:00,19:00,1,1,1,1,1,1,1
Benjamin,11:00,21:00,1,1,1,1,1,1,1
Mario Camilo,07:00,17:00,1,0,0,0,0,1,0
Andreu,09:00,19:00,1,1,1,1,1,1,1
Lucas Belen,08:00,18:00,1,1,1,1,1,1,1
Aranzazu Ananias,08:00,18:00,1,1,1,1,1,1,1
Gerard,10:00,20:00,0,1,0,0,1,0,0
Leire,08:00,18:00,1,1,1,1,1,1,1
Lionel Yamila,08:00,18:00,1,1,1,1,1,1,0
Kusillo,05:00,15:00,0,0,0,0,1,0,0
Mireia,10:00,20:00,1,1,1,1,1,1,1
Jose David,09:00,19:00,1,1,1,1,1,1,1
Honorio,08:00,18:00,1,1,1,1,1,1,1
Ciro Cesareo,07:00,17:00,1,1,1,1,1,0,0
Jaume,08:00,18:00,1,1,1,1,1,0,1
Joaquim,10:00,20:00,1,1,1,1,1,1,1
Rafa,07:00,17:00,1,1,1,1,1,0,0
Thunupa,05:00,15:00,0,0,0,1,0,0,0
Mauricio,11:00,21:00,1,1,1,1,1,1,1
Maria Cristina,09:00,19:00,1,1,1,1,1,0,1
Rosario,08:00,18:00,1,1,1,1,1,1,1
Felipe Aldana,08:00,18:00,1,1,1,1,1,1,1
Elodie,06:00,16:00,1,1,1,1,1,0,0
Urko,07:00,17:00,1,1,1,1,1,1,0
Emma,12:00,22:00,1,1,1,1,1,1,1
Hannah,07:00,17:00,1,1,1,1,1,0,0
Lillian,08:00,18:00,1,1,1,1,1,1,1
Cameron,10:00,20:00,1,1,1,1,1,0,0
Elixabete,09:00,19:00,1,1,0,1,1,0,0
Carlos,10:00,20:00,1,1,1,1,1,1,0
Lais,07:00,17:00,1,1,1,1,1,1,1
Abdon,10:00,20:00,1,1,1,1,1,1,1
Tomas,08:00,18:00,1,1,1,1,1,1,0
Otilia Oriol,10:00,20:00,0,1,1,1,1,0,0
Guillermo Antonio,04:00,14:00,0,0,1,1,1,1,0
Alexander,10:00,20:00,1,1,1,1,1,0,0
Sixto Lazaro,08:00,18:00,1,1,1,1,1,0,1
Aresio Casimiro,14:00,12:00:00 AM,0,1,1,0,1,0,0
Nicodemo Toribio,10:00,20:00,1,1,1,0,1,1,0
Alipio Bernarda,10:00,20:00,0,0,0,1,1,1,0
Ana Pilar,09:00,19:00,1,1,1,1,1,0,0
Ana Barbara,08:00,18:00,1,1,1,1,1,1,0
Araceli Gisela,08:00,18:00,0,0,1,1,1,0,0
Columba Lucano,09:00,19:00,1,1,1,1,1,1,1
Christopher,09:00,19:00,1,1,1,1,1,1,1
Stefanie,08:00,18:00,1,1,1,1,1,1,0
Venancio,05:00,15:00,1,1,1,1,1,1,1
Marianela,10:00,20:00,0,1,0,1,0,0,0
Jan,09:00,19:00,1,1,1,1,1,1,0
Lucano,09:00,19:00,1,1,1,1,1,1,1
Orestes,08:00,18:00,1,0,0,1,1,0,0
Exequiel Sergio,09:00,19:00,1,1,1,1,1,0,1
Geronimo,10:00,20:00,1,1,1,1,1,0,1
Amelio Lazaro,08:00,18:00,1,1,1,1,1,1,1
Tiago,09:00,19:00,1,1,1,1,1,0,1
Narciso Oriol,09:00,19:00,1,1,1,0,1,1,0
Karina Anais,09:00,19:00,1,1,1,1,0,0,0
Belen,10:00,20:00,1,1,1,1,1,0,0
Francesco,09:00,19:00,1,1,1,1,1,1,1
Johanna,10:00,20:00,1,1,1,1,1,1,1
Ariadna Lino,08:00,18:00,1,0,0,1,1,0,1
Maximiliano Vanina,09:00,19:00,1,1,1,1,1,1,0
Inocencio Kenti,08:00,18:00,1,1,1,1,1,0,0
Donato,10:00,20:00,0,1,0,0,1,0,0
Aniano,09:00,19:00,1,1,1,1,1,1,1
Aide Matias,09:00,19:00,1,1,1,1,1,0,0
Matteo,10:00,20:00,0,1,1,1,0,1,0
Tomas Javier,08:00,18:00,1,1,1,1,1,0,0
Felix,08:00,18:00,1,1,1,1,1,0,0
Alejo,13:00,23:00,0,0,1,1,1,0,0
Luan,12:00,22:00,0,0,1,0,0,0,0
Alexia Fernanda,10:00,20:00,0,0,1,0,1,0,0
Franz,08:00,18:00,1,0,0,0,0,0,0
Marcandre,08:00,18:00,0,1,1,1,1,1,0
Elijah,09:00,19:00,1,1,1,1,1,0,1
Marcelo Cirilo,06:00,16:00,1,1,0,1,1,0,0
Ana Lizbeth,11:00,21:00,0,1,1,1,0,0,0
Rita,09:00,19:00,1,1,0,1,0,0,0
Jose Guillermo,10:00,20:00,1,1,1,0,0,0,0
Valentin Lucrecia,08:00,18:00,0,0,1,1,1,0,0
Florencia Soledad,08:00,18:00,1,1,1,1,1,1,1
Clotilde Siro,08:00,18:00,0,0,1,1,1,0,0
Cesareo,09:00,19:00,0,0,1,1,0,0,0
Laureano Casio,09:00,19:00,0,0,1,1,0,0,0
Daciano Leandro,10:00,20:00,0,0,0,1,0,0,0
Jacinto,09:00,19:00,0,0,0,1,0,0,0
Rita Valentin,09:00,19:00,0,0,0,1,0,0,0
Adelia,12:00,22:00,0,0,1,1,1,0,1
Baptiste,11:00,21:00,1,1,1,1,1,1,1
Sergey,12:00,22:00,1,1,1,1,0,1,1
Damian,09:00,19:00,1,1,1,1,1,0,0
Lazaro Alejandria,07:00,17:00,1,1,1,1,1,1,1
Nemesio Melany,08:00,18:00,1,1,1,1,1,0,1
Jonas Tito,08:00,18:00,1,1,1,1,1,1,1
Pacha,09:00,19:00,1,1,1,1,1,0,1
Eduvigis,08:00,18:00,0,0,0,0,1,0,0
Anne,10:00,20:00,0,0,1,0,0,0,0
Demetrius,08:00,18:00,1,1,1,1,1,1,1
Jana Agustin,11:00,21:00,0,0,1,0,0,0,0
Daan,11:00,21:00,1,1,1,0,1,1,0
Honorato,08:00,18:00,1,0,1,0,1,0,0
Ivan,09:00,19:00,1,1,0,0,1,0,0
Dmitry,08:00,18:00,1,0,1,0,1,1,1
Bartolome Enrique,09:00,19:00,0,0,0,1,1,0,0
Helmut,04:00,14:00,0,0,0,0,1,0,0
Jimena,10:00,20:00,1,1,1,1,1,1,0
Katarzyna,11:00,21:00,0,0,1,0,0,1,0
Aouatif,09:00,19:00,1,1,0,1,0,0,0
Aleksandra,13:00,23:00,0,1,0,0,0,0,0
Lorenzo,04:00,14:00,0,1,0,0,0,0,0
Aisha,06:00,16:00,0,0,1,1,1,0,0
Teodora,06:00,16:00,0,1,0,1,0,0,0
Gijs,10:00,20:00,0,0,0,0,1,0,0
Marco,07:00,17:00,0,1,0,0,0,0,0
Corinne,09:00,19:00,1,0,0,0,0,0,0
Marcelo Casio,07:00,17:00,0,1,0,0,0,0,0
Ivana Araceli,06:00,16:00,0,0,1,1,0,0,0
Romina,11:00,21:00,0,1,0,1,1,0,0
Valentin,09:00,19:00,1,1,1,1,1,0,1
Mercedes Leandro,08:00,18:00,0,0,1,0,0,0,0
Estefania Romina,11:00,21:00,1,1,0,0,0,0,0
Jose Maria,04:00,14:00,0,0,0,1,0,0,0
Damian Roman,04:00,14:00,1,0,0,0,0,0,0
Federico,06:00,16:00,0,0,0,1,0,0,0
Federico Alipio,14:00,12:00:00 AM,0,0,0,0,0,1,0
Estrela,06:00,16:00,0,0,1,0,0,0,0
Alba,07:00,17:00,0,1,0,0,0,0,1
Hugo,11:00,21:00,0,1,0,0,0,0,0
Giovani,10:00,20:00,0,0,1,0,1,0,0
Diogo,12:00,22:00,0,0,1,0,0,0,0
Antônia,11:00,21:00,0,1,1,0,0,0,0
Juan Guillermo,11:00,21:00,0,1,1,0,1,0,0
Blanca Columbano,11:00,21:00,0,1,0,0,0,0,0
Godofredo,17:00,03:00:00 AM,0,0,0,1,0,0,0
Jaime,12:00,22:00,1,0,0,0,0,0,0
Ester Emiliano,06:00,16:00,1,1,1,1,1,0,0
Montserrat,07:00,17:00,1,1,1,1,1,0,1
Jonathan,10:00,20:00,1,0,1,1,1,0,0
Raul Aaron,12:00,22:00,0,0,1,0,0,0,0
Oliver Primo,08:00,18:00,1,1,1,1,1,1,0
Otilia,09:00,19:00,1,1,1,1,1,1,1
Clara,08:00,18:00,1,0,0,1,1,0,0
Otilia Rebeca,09:00,19:00,1,1,1,1,1,1,1
Benedicto Teodosia,04:00,14:00,1,1,1,0,1,0,0
Ana Flavia,07:00,17:00,1,1,0,1,1,1,0
Maria Carolina,07:00,17:00,1,1,1,1,1,0,0
Aurelio,08:00,18:00,1,1,1,1,1,1,1
Porfirio,09:00,19:00,1,1,1,1,1,1,1
Beltran,10:00,20:00,1,0,1,1,0,0,0
Guzman,10:00,20:00,1,1,1,1,1,1,1
Benigno Amadeo,12:00,22:00,0,0,0,0,0,0,1
Yamila Ester,00:00,10:00,1,0,0,0,0,0,0
Antero,08:00,18:00,1,1,1,1,1,0,0
Eliseo,08:00,18:00,1,1,1,1,1,1,1
Alfredo,09:00,19:00,1,1,1,1,1,1,1
Lily,10:00,20:00,1,1,0,0,0,0,0
Ines Aldana,08:00,18:00,1,1,1,1,1,1,1
Thomas,09:00,19:00,1,1,1,1,1,1,0
Ivana,07:00,17:00,1,1,1,1,1,1,1
Laurina Santiago,08:00,18:00,1,1,1,1,1,1,0
Rufo,07:00,17:00,1,1,1,1,1,0,1
Vanina Angel,09:00,19:00,1,1,1,1,1,1,1
Rogelio Aniano,06:00,16:00,1,1,1,1,1,0,0
Adela Esteban,08:00,18:00,1,0,1,1,1,0,0
Addison,10:00,20:00,1,1,1,1,1,1,1
Salvador,07:00,17:00,0,0,0,1,1,0,0
Poncio,13:00,23:00,0,0,0,1,0,0,0
Pablo,08:00,18:00,0,0,0,1,0,0,0
Magdalena,06:00,16:00,0,0,0,1,0,0,0
Juan David,05:00,15:00,0,0,0,1,0,0,0
Enzo,11:00,21:00,0,0,0,1,1,0,0
Agustina Greta,04:00,14:00,0,0,0,1,1,0,0
Acacio Montserrat,06:00,16:00,0,1,0,1,0,0,0
Alfonso Odon,10:00,20:00,1,0,0,1,0,0,0
Jonas Vanina,06:00,16:00,1,1,0,0,1,0,0
Declan,10:00,20:00,0,0,0,1,0,0,0
Roberto Carlos,16:00,02:00:00 AM,0,1,0,0,0,0,0
Nemesio,08:00,18:00,0,0,0,1,0,0,0
Conchi,05:00,15:00,0,0,0,1,0,0,0
Democrito,08:00,18:00,0,0,0,1,0,0,0
Luis Emilio,07:00,17:00,1,1,1,1,1,0,1
Cirino,09:00,19:00,1,0,0,0,0,0,0
Enith,09:00,19:00,1,1,1,1,1,0,1
Amadeo Eliseo,08:00,18:00,1,0,0,0,0,0,0
Juan Sebastian,09:00,19:00,1,1,1,1,1,0,0
Cândida,06:00,16:00,0,1,0,0,0,0,0
Albina Adan,08:00,18:00,1,1,1,1,1,0,0
Almudena Dacio,08:00,18:00,1,1,1,1,1,1,1
Eliseo Gregorio,06:00,16:00,0,0,0,0,1,0,0
Trent,09:00,19:00,0,0,0,1,0,0,0
Mehmet,09:00,19:00,0,0,1,0,1,0,0
Narciso Felipe,10:00,20:00,1,1,1,1,1,0,0
Ana Lucia,09:00,19:00,1,1,1,0,1,0,0
Lidia,10:00,20:00,1,1,1,1,1,1,1
Tarsicio Benedicto,07:00,17:00,1,1,1,1,1,1,0
Cleofas Irene,08:00,18:00,1,1,1,1,1,1,1
Agathe,09:00,19:00,1,1,1,1,1,0,0
Kingsley,07:00,17:00,1,1,1,1,1,1,1
Alphonse,07:00,17:00,1,1,1,1,1,1,1
Ainhoa,08:00,18:00,1,0,1,0,1,0,0
Bruna,08:00,18:00,1,1,0,0,1,0,0
Veronica,06:00,16:00,1,0,0,0,0,0,0
Ismael Fortunato,15:00,01:00:00 AM,0,1,0,0,0,0,0
Ana Marcela,08:00,18:00,1,1,1,1,1,1,1
Atanasio,09:00,19:00,1,1,1,1,1,1,1
Aitor,09:00,19:00,1,0,0,0,0,0,0
Tamagnini,16:00,02:00:00 AM,0,0,0,0,1,0,0
Edgar,19:00,05:00,0,1,0,0,0,0,0
Alejandria Leon,05:00,15:00,0,0,0,1,0,0,0
Pancracio Ladislao,09:00,19:00,0,1,0,1,0,0,0
Mikel,07:00,17:00,1,1,1,1,1,1,0
Ager,09:00,19:00,1,0,0,0,1,0,0
Ikerne,07:00,17:00,0,0,0,1,0,0,0
Antton,10:00,20:00,0,0,0,1,0,0,0
Inaki,11:00,21:00,0,0,0,0,1,0,0
Enara,13:00,23:00,0,0,0,0,1,0,0
Efren Priscila,11:00,21:00,1,1,1,1,1,0,1
Grace,08:00,18:00,0,1,1,0,1,0,0
Sophia,09:00,19:00,1,0,0,0,1,0,0
Maite,18:00,04:00:00 AM,0,0,0,0,0,0,1
Balduino Agueda,10:00,20:00,0,1,1,1,1,0,0
Stella,11:00,21:00,1,1,1,0,0,0,1
Wout,07:00,17:00,1,1,1,1,1,1,0
Maciej,10:00,20:00,1,1,0,1,1,0,0
Natalia,06:00,16:00,0,0,0,0,1,0,0
Sandro,11:00,21:00,0,0,0,1,0,0,0
Evelyn,08:00,18:00,1,1,0,1,1,0,0
Eleonore,09:00,19:00,0,1,1,1,0,0,0
Jonas,10:00,20:00,0,0,1,0,1,1,0
Oswaldo,12:00,22:00,0,1,0,0,0,0,0
Muhammad,09:00,19:00,1,1,1,1,1,1,1
Guido Casio,09:00,19:00,0,1,1,1,1,0,1
Miercoles,09:00,19:00,1,1,1,1,1,0,0
Olivier,08:00,18:00,1,1,1,1,1,1,0
Baldomero Basileo,09:00,19:00,1,0,1,0,1,1,0
Lluc,07:00,17:00,0,1,0,1,1,0,0
Viktoriia,4.1666666666666664E-2,11:00,1,0,1,0,0,0,0
Ruben,07:00,17:00,0,0,1,0,1,0,0
Akira,06:00,16:00,1,1,1,1,1,1,0
Erica,10:00,20:00,1,1,1,1,1,0,0
Daciano,12:00,22:00,1,1,0,1,0,0,0
Jean,11:00,21:00,1,1,1,1,1,0,1
Jeronimo,09:00,19:00,1,1,1,1,1,0,0
Santi,07:00,17:00,1,1,1,1,1,0,0
Monica Rogelio,07:00,17:00,1,1,1,1,1,0,1
Raul,12:00,22:00,0,0,0,0,0,1,0
Jing,08:00,18:00,1,1,1,0,1,0,0
Catherine,14:00,12:00:00 AM,1,0,1,1,0,1,0
Owen,09:00,19:00,1,1,0,1,1,0,0
Juan Alberto,10:00,20:00,0,0,1,0,0,0,0
Ana Giselle,11:00,21:00,0,1,1,1,1,0,0
Adela,13:00,23:00,1,0,1,0,0,0,0
Elsa,06:00,16:00,0,1,1,1,1,1,0
Karai,10:00,20:00,1,0,1,0,1,0,0
Juan,10:00,20:00,1,1,1,1,1,0,0
Philipp,08:00,18:00,1,1,1,0,1,1,0
Anastasia,04:00,14:00,1,0,0,0,0,0,0
Pedro,10:00,20:00,1,1,1,1,1,1,1
Endika,09:00,19:00,1,1,1,1,1,1,0
Rolf,07:00,17:00,1,1,0,1,1,1,0
Omar,08:00,18:00,1,1,1,1,1,0,0
Minji,09:00,19:00,1,1,0,1,1,1,0
Ingrid,06:00,16:00,1,0,1,0,0,0,0
Inti,12:00,22:00,1,1,1,1,1,0,0
Jeronimo Casio,09:00,19:00,0,0,1,0,0,0,0
Scarlett,11:00,21:00,0,0,0,1,1,0,0
Aritza,09:00,19:00,1,1,1,1,0,0,0
Margarita Jesus,05:00,15:00,1,1,1,1,1,1,1
Oto Clotilde,10:00,20:00,1,0,0,0,0,0,0
Macario,06:00,16:00,1,0,1,1,1,0,0
Elene,08:00,18:00,0,1,1,0,0,0,0
Isaias Adon,10:00,20:00,1,1,1,1,1,0,0
Wei,06:00,16:00,1,1,0,1,0,1,0
Gerda,10:00,20:00,1,0,1,1,0,0,0
Aoi,06:00,16:00,0,0,1,0,1,0,0
Andreas,07:00,17:00,0,1,0,0,1,0,0
Linus,11:00,21:00,1,0,0,0,0,0,0
Maria Asuncion,08:00,18:00,1,0,0,0,0,0,1
Guadalupe Enrique,07:00,17:00,0,0,1,1,1,0,1
Vidal Liduvina,09:00,19:00,1,1,1,1,1,1,1
Miguel Angel,07:00,17:00,0,0,1,1,1,1,1
Arturo Conrado,13:00,23:00,0,1,1,0,0,0,0
Dacio,09:00,19:00,1,1,1,0,1,0,0
Leonor,05:00,15:00,0,1,0,0,0,0,0
Cosme Dorotea,08:00,18:00,0,1,0,0,0,0,0
Aureliano Alejandria,09:00,19:00,1,1,1,1,1,0,0
Kumya,10:00,20:00,1,1,1,1,1,0,0
Amaru,07:00,17:00,1,1,1,1,0,0,0
Andres,08:00,18:00,1,1,1,1,0,0,0
Tupac,12:00,22:00,0,0,1,0,0,0,0
Clement,08:00,18:00,0,0,0,1,0,0,0
Marli,13:00,23:00,0,1,1,0,0,0,0
Segismundo Aaron,14:00,12:00:00 AM,1,0,0,0,0,0,0
Anatolio Josue,10:00,20:00,0,1,0,0,0,0,0
Laura Isabel,08:00,18:00,1,1,1,1,1,0,0
Berto,12:00,22:00,1,0,0,0,0,0,0
Narciso,13:00,23:00,0,0,0,0,0,1,0
Ramon,11:00,21:00,0,0,1,0,0,0,0
Juan Esteban,12:00,22:00,0,0,1,0,0,0,0
Enith Blas,07:00,17:00,0,0,1,0,0,0,0
Nahikari Adalberto,10:00,20:00,0,1,1,0,0,0,0
Juan Francisco,08:00,18:00,0,1,1,1,1,0,1
Almudena Jorge,23:00,09:00,0,0,1,1,0,0,0
Fernando Jose,08:00,18:00,0,0,0,0,1,0,0
Maitane Adela,07:00,17:00,0,1,0,1,0,0,0
Bernarda,11:00,21:00,1,1,1,1,1,1,1
Balduino,07:00,17:00,1,1,1,1,1,0,0
Justino,07:00,17:00,0,1,0,0,0,0,0
Alvaro Borja,06:00,16:00,0,0,1,0,0,0,0
Raimundo Monica,06:00,16:00,0,1,1,0,0,0,0
Adele,10:00,20:00,1,1,1,1,1,0,1
Alban,09:00,19:00,1,1,1,1,1,1,0
Camille,07:00,17:00,1,1,1,1,1,0,0
Federica,10:00,20:00,1,1,1,1,1,1,1
Chantal,07:00,17:00,1,1,1,1,1,1,0
Carlo,08:00,18:00,0,1,1,1,0,0,0
Andrea,09:00,19:00,1,1,1,1,1,1,1
Cheng,09:00,19:00,1,1,1,1,1,0,0
Bernd,09:00,19:00,1,1,1,1,1,1,1
Friedrich,06:00,16:00,1,1,0,1,1,0,0
Ibrahima,09:00,19:00,1,1,1,1,1,1,1
Nicolas,09:00,19:00,1,1,1,1,1,1,1
Chiara,08:00,18:00,1,1,1,1,1,1,1
Delphine,10:00,20:00,0,0,0,0,1,0,0
Femke,10:00,20:00,1,1,1,1,1,0,1
Eleni,06:00,16:00,0,1,0,1,1,0,0
Despoina,08:00,18:00,0,1,1,1,0,0,0
Moussa,06:00,16:00,0,1,1,1,1,0,0
Mercedes Catalina,07:00,17:00,1,1,1,1,1,1,1
Berto Araceli,07:00,17:00,1,1,1,1,1,1,0
Marta,11:00,21:00,1,1,1,1,1,1,1
Audrey,09:00,19:00,1,1,0,1,1,0,0
Karl,11:00,21:00,1,1,1,0,1,0,1
Salomon Kenti,04:00,14:00,0,0,0,1,0,0,0
Cecile,13:00,23:00,1,1,1,1,1,1,1
Erling,08:00,18:00,1,0,1,1,1,0,0
Fabio,07:00,17:00,1,0,0,0,1,1,0
Madeleine,09:00,19:00,1,1,1,1,1,0,1
Monika,09:00,19:00,0,1,1,0,0,0,0
Jose Ignacio,09:00,19:00,1,1,1,1,1,0,1
Beltran Adrian,06:00,16:00,1,1,1,1,1,0,0
Brice,09:00,19:00,0,1,0,0,0,0,0
Alexandru,10:00,20:00,0,1,0,1,1,0,0
Andrei,07:00,17:00,1,1,1,1,0,0,0
Greta Casiano,07:00,17:00,1,1,1,1,1,0,0
Breixo,07:00,17:00,1,1,1,1,1,0,0
Tammy,10:00,20:00,1,1,1,1,1,0,0
Ovidiu,13:00,23:00,0,1,0,1,0,0,0
Sebastian,11:00,21:00,0,1,0,0,0,0,0
Jacques,06:00,16:00,1,0,0,0,0,0,0
Grzegorz,09:00,19:00,1,1,1,1,1,1,0
Klaus,09:00,19:00,1,1,1,1,1,0,0
Orjan,06:00,16:00,1,0,0,0,0,0,0
Manolis,10:00,20:00,1,1,1,0,0,0,0
Ana,11:00,21:00,1,1,1,1,1,1,1
Piotr,09:00,19:00,1,1,1,1,1,0,1
Alicia,09:00,19:00,0,0,0,0,1,0,0
Petra,08:00,18:00,1,1,1,1,1,1,1
Augusto,09:00,19:00,1,0,1,0,0,0,0
Adrien,08:00,18:00,1,0,0,0,0,0,0
Alexandre,07:00,17:00,1,0,1,1,1,0,0
Telma,07:00,17:00,1,1,1,0,0,0,0
Jocelyne,05:00,15:00,0,0,1,0,0,0,0
Christelle,08:00,18:00,0,1,0,0,0,0,0
Petronila,06:00,16:00,1,0,0,0,0,0,0
Lisandro,09:00,19:00,1,1,1,1,1,1,1
Noemie,08:00,18:00,0,1,1,0,1,0,0
Caroline,11:00,21:00,1,1,0,1,1,0,0
Marina,09:00,19:00,1,1,1,1,1,0,1
Lisa,08:00,18:00,0,1,0,0,0,0,0
Otto,11:00,21:00,0,1,0,0,1,0,0
Mason,09:00,19:00,1,1,1,1,1,0,0
Alessio,09:00,19:00,1,1,1,1,1,0,1
Aurea,11:00,21:00,1,1,1,1,1,1,0
Demetra,09:00,19:00,1,1,0,0,0,0,0
Maria Teresa,08:00,18:00,1,1,1,1,1,1,1
Jaroslav,07:00,17:00,1,1,0,1,0,0,0
Pavel,13:00,23:00,1,0,0,0,0,0,0
Ceferino Virginia,10:00,20:00,0,0,0,0,1,0,0
Martin,05:00,15:00,1,1,1,0,1,0,0
Veronika,08:00,18:00,1,0,0,0,1,0,0
Akos,08:00,18:00,1,1,0,1,1,0,1
Alice,08:00,18:00,1,0,1,0,0,0,0
Sofie,07:00,17:00,1,1,0,1,0,0,0
Magnus,06:00,16:00,1,0,0,1,1,0,0
Oswaldo Rosendo,09:00,19:00,1,1,1,1,0,0,0
Maria Guadalupe,06:00,16:00,0,1,1,1,1,1,0
Lucy,08:00,18:00,1,0,0,1,0,0,0
Akseli,05:00,15:00,0,1,0,1,1,0,0
Eeva,09:00,19:00,1,1,0,1,1,0,0
Haruki,08:00,18:00,1,1,1,1,1,1,0
Hiroshi,05:00,15:00,1,1,1,0,0,0,0
Daniil,10:00,20:00,1,1,1,1,1,0,0
Ioana,08:00,18:00,1,0,0,0,0,0,0
Khalil,09:00,19:00,1,1,1,1,1,0,0
Fatima,10:00,20:00,1,1,0,0,1,0,0
Yu,07:00,17:00,1,1,1,1,1,0,0
Ming,07:00,17:00,1,1,1,1,1,0,0
Silja,11:00,21:00,1,1,0,1,1,0,0
Emile,07:00,17:00,0,1,1,0,0,0,0
Sarah,08:00,18:00,1,0,1,1,1,0,0
Shahar,06:00,16:00,1,1,0,1,0,0,0
Liel,05:00,15:00,1,1,0,0,1,0,0
Max,09:00,19:00,1,1,1,0,1,0,0
Araceli Enrique,22:00,08:00,1,0,0,0,0,0,0
Cian,12:00,22:00,1,0,0,0,0,0,0
Saoirse,10:00,20:00,0,0,0,0,1,0,0
Andris,04:00,14:00,0,0,0,0,1,0,0
Luca,07:00,17:00,1,1,0,1,1,0,0
Natsumi,05:00,15:00,1,1,1,0,0,0,0
Joseph,8.3333333333333329E-2,12:00,1,1,0,0,0,0,0
Anthony,09:00,19:00,1,0,0,0,0,0,0
Jaime Alejandro,06:00,16:00,0,0,1,0,0,0,0
Georgos,09:00,19:00,0,1,0,0,0,0,0
Athina,04:00,14:00,0,1,0,0,1,0,0
Petr,05:00,15:00,0,1,0,0,0,0,0
Bernarda Romualdo,04:00,14:00,1,0,0,0,1,1,0
Henrik,08:00,18:00,1,1,0,0,0,0,0
Matthew,08:00,18:00,0,1,0,0,0,0,0
Emily,07:00,17:00,0,0,1,0,0,0,0
Julian Melchor,10:00,20:00,0,1,0,1,0,0,0
Gabriel,10:00,20:00,1,0,0,1,0,0,1
Ekaterina,07:00,17:00,1,0,1,1,0,0,0
Dominique,07:00,17:00,1,1,0,1,0,0,0
Arthur,07:00,17:00,0,1,0,1,0,0,1
Ezequiel,08:00,18:00,0,0,0,1,1,0,0
Brigitte,09:00,19:00,0,1,0,0,0,0,0
Aurelie,10:00,20:00,1,1,1,0,1,1,0
Colette,09:00,19:00,0,1,1,1,0,0,0
Mads,13:00,23:00,0,1,0,0,0,0,1
Onni,10:00,20:00,0,0,1,0,1,0,0
William,09:00,19:00,1,1,1,1,1,1,1
Candida Benedicto,10:00,20:00,0,0,0,1,0,0,0
Heidi,06:00,16:00,0,0,0,0,1,0,0
Eszter,06:00,16:00,0,0,0,0,1,0,0
Hans,10:00,20:00,0,0,0,1,0,0,0
Tyler,08:00,18:00,1,0,0,0,0,0,0
Francisco Javier,4.1666666666666664E-2,11:00,0,0,0,0,0,1,0
Felipe,13:00,23:00,0,0,0,0,0,0,1
Gustav,07:00,17:00,0,0,0,0,1,0,0
Kanako,07:00,17:00,0,0,0,0,1,0,0
Emilie,04:00,14:00,0,0,0,0,1,0,0
Chloe,10:00,20:00,1,0,1,0,1,0,0
Lauren,09:00,19:00,0,0,1,0,1,0,0
Lena,09:00,19:00,0,1,0,1,0,0,0
Giulia,10:00,20:00,0,1,0,0,0,0,0
Claudia,07:00,17:00,1,1,1,1,1,1,1
Ambrosia Marcelo,10:00,20:00,1,1,1,1,1,0,1
Ifigenia Salome,12:00,22:00,0,0,1,0,1,0,0
Leonardo Marlene,05:00,15:00,0,0,0,1,0,0,0
Simeon Kenti,08:00,18:00,1,0,0,1,0,0,0
Primo Candida,11:00,21:00,1,1,1,0,0,0,0
Miqueas Alfredo,06:00,16:00,1,0,1,0,1,0,0
Angel,09:00,19:00,1,1,1,1,1,0,1
Aresio,07:00,17:00,1,1,1,1,1,0,0
Abdon Luis,04:00,14:00,0,0,0,0,1,0,0
Maria Del Pilar,08:00,18:00,1,1,1,0,1,0,0
Javier,11:00,21:00,1,1,0,0,1,0,0
Ciro Esiquio,08:00,18:00,1,1,0,1,0,1,1
Javier Simeon,08:00,18:00,1,0,1,1,0,0,0
Poncio Nahikari,06:00,16:00,0,1,0,0,0,0,0
Athenea,09:00,19:00,0,0,0,0,0,1,0
Rigoberto,08:00,18:00,1,1,1,1,1,0,0
Anselmo,00:00,10:00,0,0,1,0,0,0,0
Ubaldo,12:00,22:00,1,0,1,1,0,0,0
Amelio Salvio,10:00,20:00,0,1,1,0,1,0,0
Hanneke,08:00,18:00,0,0,1,1,1,0,0
Maximiliano,13:00,23:00,0,0,1,0,0,0,0
Elias,08:00,18:00,1,1,1,1,1,0,0
Fabian,8.3333333333333329E-2,12:00,0,0,1,0,1,0,0
Quim,03:00,13:00,0,0,0,1,1,0,0
Anxo,09:00,19:00,0,1,0,0,0,0,0
Maria,07:00,17:00,0,1,0,0,0,0,0
Pio Emiliano,10:00,20:00,0,0,1,0,0,0,0
Llucia,11:00,21:00,0,0,1,0,1,0,0
Cristina,12:00,22:00,0,0,0,0,1,0,0
Aina,12:00,22:00,0,0,0,0,0,0,1
Jordi,08:00,18:00,0,1,0,0,0,0,0
Roman,05:00,15:00,1,0,0,0,1,0,0
Teofanes,08:00,18:00,1,1,1,1,1,0,1
Asier,09:00,19:00,1,0,0,0,0,0,0
Alfonso Leandro,09:00,19:00,1,1,1,1,1,1,1
Emanuel,15:00,01:00:00 AM,1,0,0,0,0,0,0
Luis David,08:00,18:00,1,1,1,1,1,0,0
Casiano Honorio,08:00,18:00,1,1,1,0,1,0,0
Nicanor,08:00,18:00,0,1,0,0,0,0,0
Oseas Nicomedes,11:00,21:00,1,0,0,0,1,0,0
Cassia,09:00,19:00,1,0,0,0,0,0,0
Julia,13:00,23:00,0,0,1,0,0,0,0
Abril,08:00,18:00,1,0,0,1,1,0,0
Daciano Adalberto,11:00,21:00,0,0,1,0,0,0,0
Alejandria,17:00,03:00:00 AM,1,0,0,0,0,0,0
Maria Alejandra,05:00,15:00,0,0,0,1,0,0,0
Paisley,05:00,15:00,1,0,0,0,0,0,0
Fernanda,10:00,20:00,1,0,0,0,1,0,0
Carmen Maria,15:00,01:00:00 AM,0,0,1,0,0,0,0
Larraitz,12:00,22:00,0,0,0,1,0,0,0
Damaso,12:00,22:00,0,0,0,0,1,0,0
Maria Elena,10:00,20:00,1,0,0,0,0,0,0
Maximo Maximo,12:00,22:00,0,0,0,0,1,0,0
Maya,05:00,15:00,0,0,0,1,1,0,0
Amelia,14:00,12:00:00 AM,0,0,0,0,1,0,0
Victoria,10:00,20:00,1,0,0,0,0,0,0
Agostinho,12:00,22:00,0,0,1,0,0,0,0
Otilia Donato,10:00,20:00,1,1,1,1,1,1,0
Ola,09:00,19:00,0,1,0,0,0,0,0
Otilia Liduvina,07:00,17:00,0,0,1,0,0,0,0
Miqueas,10:00,20:00,0,0,0,1,0,0,0
Matias,09:00,19:00,0,0,1,0,0,0,0
Simeon,08:00,18:00,1,0,0,1,1,0,1
Bianca Elissa,09:00,19:00,1,1,1,1,0,0,0
Francesc,09:00,19:00,1,1,1,1,1,0,0
Victorio,09:00,19:00,1,0,1,0,0,0,0
Noela,11:00,21:00,1,1,1,1,0,0,0
Leocadia Benedicto,09:00,19:00,0,0,1,0,0,0,0
Jonny,04:00,14:00,1,0,0,0,0,0,0
Timoteo Baldomero,08:00,18:00,1,1,1,1,0,0,0
Greta,08:00,18:00,0,0,0,1,0,0,0
Fabian Itzel,07:00,17:00,0,0,0,1,0,0,1
Ferland,04:00,14:00,1,0,0,1,0,0,0
Khephren,07:00,17:00,1,1,0,1,0,0,0
Ava,07:00,17:00,0,1,1,0,0,0,0
Iago,8.3333333333333329E-2,12:00,0,0,1,0,0,0,0
Alain,11:00,21:00,0,1,0,1,0,0,0
Genoveva,11:00,21:00,1,1,0,1,1,0,0
Sergi,10:00,20:00,1,0,1,0,0,0,0
Acolmiztli,07:00,17:00,0,0,0,0,0,1,0
Ana Clara,08:00,18:00,1,0,1,0,0,0,0
Arami,10:00,20:00,0,0,1,0,1,0,0
